human_scores,bleu,chrf,meteor,bertscore,sacrebleu,bary,depth
-0.437138392657742,0.1971903602140518,52.21057436216996,0.4840587892796019,0.8750598430633545,19.71903602140518,0.3238821674098244,0.0813046313056744
0.398778512632422,0.0,39.08809558677797,0.4010039251207729,0.8368582129478455,3.307381773064085,0.3810165601677982,0.0888059547227967
0.310710604028581,0.0,41.08078614222775,0.5146059782608695,0.8724005222320557,8.896962872669691,0.3311300255045347,0.0691332768712746
0.735026051509155,0.3274440671267437,55.93305326537264,0.5408653846153846,0.8670141100883484,32.744406712674376,0.3284878836581772,0.079446405012243
-0.502673757117009,0.0,16.940090173736227,0.1388888888888888,0.748597264289856,5.0243511979240845,0.4409959170970757,0.0963709400921536
-0.576298230504764,0.0,35.576083750756986,0.4338487972508591,0.7997429370880127,7.517000197445844,0.4444318586752767,0.0750720250551925
-0.497882652648135,0.0,24.283001906196105,0.1704545454545454,0.8114795684814453,6.495032985064742,0.4286087339795,0.0811138645093532
-0.456904311963488,0.0,40.49080382587126,0.3871520907531987,0.8381133079528809,6.516947083295122,0.3669327852247961,0.071286611689313
-0.333566296332361,0.0,37.74807654023809,0.5275916336683928,0.8265870213508606,11.369306152454817,0.3751009714055829,0.0874093427444422
0.468776769882835,0.0,56.05452285601712,0.4323630136986301,0.8755571246147156,9.980099403873664,0.2899616622063229,0.0899058272877696
0.802969475848231,0.1359988911747805,39.36781554631612,0.534815247684977,0.8782508373260498,13.59988911747806,0.3275777047547875,0.0692417073671618
-0.678240513291123,0.0,42.02922563886448,0.4076503990178023,0.8377504348754883,7.200062223352653,0.373492155463035,0.0866297834120318
0.518965984099047,0.3225663946075932,65.80185472080346,0.8489834680310869,0.9201114177703856,32.25663946075933,0.2580055719855745,0.0765346182158043
-0.606625023501436,0.0,45.79121951086098,0.4782196969696969,0.8658393621444702,8.613222599038458,0.3164677607496403,0.077211257238809
-0.864796615400738,0.0,32.47644941081048,0.3273022171831696,0.7777328491210938,3.5899458899677192,0.5240576865326603,0.0889257212299592
-0.364852147350156,0.0,41.61021531728428,0.3159235668789809,0.8048837780952454,5.24741695929587,0.4657206740437405,0.0881198940497436
0.0252849498615479,0.0,37.77442441206101,0.3978466386554621,0.8308578133583069,8.778798993575986,0.4042919293122928,0.0763690279100092
-0.50956773750514,0.0,10.709226410445924,0.2,0.7525033950805664,12.703318703865364,0.5141895997573644,0.1169970955961432
-0.229256973473961,0.144338356970143,46.97120123392199,0.6364636097040789,0.8411892056465149,14.433835697014302,0.3789914828360771,0.0780436906306865
0.0401290305165561,0.2906343102388178,55.67024918319427,0.7246376811594204,0.8573799729347229,29.063431023881783,0.3703003691196567,0.0782506882980575
0.0003111410861455,0.0,57.02840195197125,0.5383532723434201,0.8556420207023621,13.477800448401386,0.3573023236242127,0.0838470898115494
-0.208346335507424,0.0,41.97343121902301,0.4137605623108546,0.8102701306343079,9.290214674953909,0.4399028653360988,0.0883627457460413
0.0292436179733863,0.0,59.41800834885892,0.6463768115942029,0.9226635098457336,13.354796310093512,0.2115966665690774,0.0506275260670687
-0.356108545185343,0.0,24.746164843705763,0.2942250057634673,0.8113005757331848,4.374299797081685,0.4064785990234566,0.066572409137764
-0.0993248847181522,0.0,61.79713451545312,0.6003623188405797,0.8645274639129639,15.090679227647149,0.2924367271592926,0.0851195805325525
-0.285274521780879,0.0,24.973307558076645,0.2380952380952381,0.8589447736740112,39.76353643835252,0.3523621104483531,0.0968327810648123
-0.141865208271726,0.0,48.63734619484417,0.5347473520166935,0.8737452030181885,7.066026049079721,0.2930837037133484,0.0684321925527959
-0.420061959417853,0.1100206828436182,41.56015000615925,0.4469078005725191,0.8391685485839844,11.002068284361831,0.3735304751586655,0.0807085788132109
-0.0856805630169202,0.1350236731624303,47.299769439729,0.505707353935489,0.8576516509056091,13.502367316243044,0.338513717919791,0.0823586939101177
0.266157162183751,0.2383234074479325,56.74817980954685,0.4981557853159851,0.8704518675804138,23.832340744793257,0.3091244888097069,0.0797962566703511
-0.69565460878291,0.0,33.97551991335802,0.2180232558139535,0.6934701800346375,9.599621398238424,0.5985398247516679,0.127062234828593
-0.198320018707179,0.0,36.367384522846976,0.4261363636363636,0.7891898155212402,10.923299908191147,0.4629441217854989,0.0764213205089772
0.414837078113049,0.1364173554515058,44.04783978341686,0.476165254237288,0.8716135621070862,13.641735545150585,0.3283712089063522,0.0783356824381524
-0.237032647206424,0.1028360040244787,45.58330378932075,0.4548824877544601,0.8474664688110352,10.28360040244788,0.3208794593074733,0.0831937590869861
-0.109722374850914,0.0,36.487525165172,0.3991785393402643,0.820216715335846,10.74159750747916,0.4193308677536059,0.0672715815288727
-0.307641381047338,0.0,38.59859466684013,0.3907501567179773,0.7859340906143188,5.238664767398941,0.4835221297800889,0.0788272482260056
-0.336742345529106,0.0,37.33250542965968,0.3957446808510638,0.8491069078445435,7.023357200693732,0.3869383396298292,0.0765110288764447
0.399088069294326,0.2070316780792396,65.38490689665919,0.6405437352245863,0.9461272954940796,20.703167807923965,0.1709188347088507,0.0677442680025107
0.090100128198908,0.0,35.706553823171944,0.4274978912660072,0.8597036600112915,6.019608768705656,0.3240143499106782,0.0767202972166993
-0.476665645589594,0.0,27.251220977450945,0.2515666152029788,0.826511561870575,4.507772119355853,0.4036289461892364,0.0816786285962654
-0.925890850325409,0.0,28.35789203395273,0.1939655172413793,0.7545918226242065,2.494649898121774,0.5335249583563312,0.0923809414350068
0.099205788823326,0.0,37.25128115258664,0.4155880177514792,0.8584713339805603,7.473868453555444,0.2879629054751582,0.072991415830883
-0.406087999973723,0.0,40.037392124360586,0.3622152024674162,0.8590449690818787,6.877997695252064,0.3727135048783914,0.08242715685537
-0.71045565695201,0.0,30.27651580792575,0.24321608040201,0.803188681602478,7.687354136458144,0.4958084049089171,0.0856993765793084
-0.013399934154681,0.3013040489278568,64.58363899377602,0.7556057303020866,0.9031248092651368,30.13040489278569,0.2426435160091808,0.076631686045199
-0.374783224793567,0.0,41.537841276928695,0.380704365079365,0.844871461391449,8.130850857597444,0.3597118071713946,0.0804505041740759
-0.121041188050798,0.0,31.58346680997936,0.3351351351351351,0.8478829264640808,8.516593018819643,0.3670130153556034,0.0774701497423005
0.833344899664559,0.5724461476843318,77.86799900577915,0.8743836305303926,0.9662895798683168,57.2446147684332,0.1302327865359548,0.0524237401624492
0.162005167092625,0.6599894861659639,86.14227276036118,0.8904575238938303,0.9540947079658508,65.9989486165964,0.1486421845479181,0.0534664290085121
-0.364442592005363,0.0,36.9751313369536,0.4649999999999999,0.8313279151916504,13.134549472120788,0.3821421709064905,0.0893176245511637
0.0322293486192188,0.0,54.12515522526561,0.634104986331707,0.8985392451286316,13.445273575332964,0.2737321506376826,0.0751733087730979
-0.224284202526288,0.0,46.92608857027814,0.4754097409230198,0.834738552570343,6.489016881040744,0.3927126181962326,0.0795570996023577
0.24885965562488,0.1821311236557119,55.14693475443904,0.6368165995495189,0.8752432465553284,18.2131123655712,0.2554226949170513,0.0805766190345697
-0.487456139643218,0.0,42.55996033905471,0.3899898373983739,0.8210821747779846,5.659370801014105,0.4088642170976672,0.0841679539122071
-0.373214091455272,0.3238350315786145,50.17651121620828,0.5889590491224813,0.8863695859909058,32.38350315786145,0.2882891555493401,0.0727518334349373
0.596576718655402,0.0,54.42716780408588,0.5960431654676259,0.8798642158508301,10.989600891745964,0.2905800903909055,0.0915364105946678
0.376368035797177,0.0,65.38938627400799,0.7514320452238001,0.9283590912818908,15.905040352305043,0.1907920632978106,0.0708597298564676
-0.743058005168106,0.0,20.793402567220163,0.160427807486631,0.7049286961555481,2.867273570500278,0.6564993375317175,0.0988683482899441
-0.661185077396572,0.0,20.959088310713785,0.1329787234042553,0.719150960445404,3.040233845069022,0.6624159414219952,0.1046119172125802
0.192489401125892,0.2660812517643414,35.744188364228904,0.5597014925373135,0.8310917019844055,26.60812517643414,0.3850323395950747,0.0920505318425417
-0.570294970317468,0.0,36.67247665277496,0.4040743670886075,0.8263199329376221,6.507104598533637,0.4371584600351885,0.0760758026411689
0.415030569962582,0.1709832369275839,53.96752086473943,0.6338415343299993,0.9090855121612548,17.098323692758395,0.2432801774722189,0.0582930214568942
-0.517207710673059,0.0,28.211734492234186,0.2599932249322493,0.7337386012077332,6.496183867338828,0.5131273657516383,0.0951222776927182
-0.550854434355766,0.0,36.107501873609706,0.4442148760330578,0.8131359815597534,7.717554986398417,0.4014087265342403,0.0796610901178093
-0.101728349402984,0.0,44.8190520080134,0.432312925170068,0.8453391790390015,10.108901518669624,0.3697688533599183,0.0713837409197357
-0.308590889659947,0.1375449327272477,61.16572919565111,0.6349656987530742,0.8802329301834106,13.754493272724782,0.2934893990890329,0.0772210088693838
0.561667855213116,0.0,47.57230374405015,0.4720172201722017,0.8805997967720032,13.151356351631197,0.2809754100779082,0.0706326836185348
-0.60929806013144,0.0,47.31017370015302,0.5480741980015176,0.8897530436515808,7.906294866149962,0.3080646857816213,0.0741819897616109
-0.195587609321136,0.0,52.90128082484556,0.5612244897959182,0.9003090262413025,9.420540016947074,0.2572095693359608,0.0644959435338818
-0.49829329498373,0.0,22.88859599734508,0.4541366906474819,0.8107228875160217,8.554426802455124,0.3526919374759565,0.0811220488057073
0.825482788836331,0.2833012243242277,58.04395424492219,0.6161028460197435,0.900530219078064,28.330122432422773,0.2624905202547979,0.0815022909381106
0.259010018431737,0.1129571454395391,48.270596074280384,0.5849713157152262,0.8573652505874634,11.29571454395392,0.372440676135513,0.0775518882549079
1.21376252991324,0.7910665071754358,83.66336454756068,0.920940170940171,0.9833296537399292,79.10665071754353,0.11199728999537,0.0578166626047734
-0.217564564799754,0.0,52.00824754019157,0.4574358974358975,0.8314811587333679,6.548045327407671,0.3338734082575895,0.0752791414954992
0.348547925466311,0.5032882223383748,72.19113905209346,0.8420423067237472,0.9445301294326782,50.328822233837485,0.1718217231175399,0.0840107143671474
0.1048911141378,0.2915486454558547,63.659934715902125,0.8252433352817099,0.8857451677322388,29.154864545585465,0.2512198955848479,0.0818681037717676
-0.132664140842976,0.2254421581193259,66.27758663326134,0.5258550572795324,0.8739020824432373,22.544215811932585,0.310425837271896,0.0817367253145415
0.0984127933775342,0.3928482204988112,71.13080315561817,0.6352983129211549,0.8982540965080261,39.28482204988112,0.2928635002773192,0.074794462061621
-0.89679208103175,0.0,14.652196183295882,0.25,0.8825474381446838,10.682175159905851,0.2596817263720981,0.0945287756376995
-0.577007071754323,0.0,47.66387997337778,0.5143399078709052,0.85856693983078,10.788569011528455,0.3796486586928837,0.0808445647566218
-0.705169754614255,0.1333045094117443,48.94231302328491,0.4977324263038549,0.8414014577865601,13.330450941174435,0.3596949081591766,0.0707247048738151
-0.620915145904732,0.0,51.28013287094849,0.4265202702702703,0.8081679344177246,8.29519350710986,0.434011034193949,0.0937826678869653
-0.435145417177344,0.2289415686066991,50.81655399294841,0.5849889624724063,0.8332188129425049,22.89415686066992,0.4376009057234658,0.0915048676373301
-0.200386866364024,0.0,44.17882547914608,0.4099025974025974,0.8321179151535034,10.123734869668828,0.3885063219784752,0.0903643363899889
-0.500201645227433,0.0,52.40447589864831,0.6373076923076924,0.8738483190536499,12.158457920199863,0.3755657129089115,0.1039820229530847
0.0758904479925994,0.0,37.37342570351419,0.3423772609819121,0.8376486301422119,17.86690863748233,0.3506020889213152,0.0728553979686523
-0.749553860603811,0.0,35.09703988440547,0.4112723016351576,0.7671793103218079,11.036693446518465,0.5024171827967594,0.1062220519261163
-0.0567505031044526,0.0,38.76748272045588,0.479036803005721,0.8253821134567261,8.987495076260364,0.3679067707197793,0.0771321633486249
1.31508281775337,0.0,54.983221550821234,0.6084656084656085,0.9342886805534364,10.600313379512592,0.2427614452869317,0.0691084807410497
-0.419764333545577,0.0,28.72599263664076,0.1666666666666666,0.7471964955329895,4.789232204309912,0.4615700925009248,0.094061771349899
0.321103153515159,0.0,29.49909679908216,0.2901826484018264,0.8531825542449951,3.639374222382003,0.367310388932245,0.0808511207652771
-0.573528697268489,0.0,37.61768352989407,0.2634340167882207,0.7744723558425903,4.461197849227423,0.487653904800569,0.0915966136844357
-0.0744241549765259,0.1422705722617076,50.95546026962451,0.5076741440377803,0.8390697240829468,14.227057226170762,0.3430425457414566,0.0808556725363831
-0.590357811101923,0.0,39.29428561840504,0.4048656499636892,0.7642552852630615,12.03921753741131,0.52327280513942,0.1114032622489541
-0.414597817274922,0.1355142409488008,39.31775871122799,0.3720269730977664,0.8552614450454712,13.551424094880083,0.3625729374003662,0.0644641685345803
0.423912250651633,0.0,47.566076735196646,0.5806730405660886,0.8981462717056274,10.21619866588636,0.2185327982598334,0.0701117390844635
-0.533133887339624,0.1089139511621934,50.25479125076352,0.5226378257770616,0.8509050011634827,10.891395116219345,0.3388656737467944,0.0829610298174804
0.0255129073389877,0.2412702079634123,61.55649223329268,0.6772314273897534,0.883362889289856,24.12702079634123,0.3043244977398299,0.0835385665116194
-0.331924234835457,0.0,45.91649610252861,0.4014991181657848,0.8584259152412415,4.884576885388264,0.3429055300526478,0.0728769655909063
0.402483577651649,0.1750194219498933,60.40505103573567,0.6696733882585074,0.9222081899642944,17.501942194989333,0.2240340925800604,0.0754884434554052
-0.736769731507943,0.0,32.2179730181052,0.31,0.837989091873169,13.545994273378144,0.3304979135207459,0.0781490655578878
-0.20660288665542,0.0,45.49527700728307,0.4867724867724867,0.8485338091850281,11.633270842295031,0.3537421896189626,0.0919446987686226
-0.478333937869664,0.0,38.583377414581406,0.461890243902439,0.8148383498191833,8.165974140980245,0.4238201210217837,0.0798538777653082
0.930492914952465,0.0,38.07903606254154,0.4285315466219988,0.8819178938865662,10.413029177416922,0.2830257559703032,0.0589584897923125
0.303498507598734,0.2069099661161137,51.54285792193112,0.6128957470669426,0.8320206999778748,20.69099661161138,0.3340985187546742,0.0852083812444348
1.17904037554602,0.0,46.19748741945771,0.616925669350309,0.84937584400177,9.548450962056531,0.3040461110481249,0.0855478313709909
0.0821902296705005,0.0,45.011508273542844,0.5160550458715595,0.8558682799339294,9.548450962056531,0.3123692426199526,0.068491167658546
0.952683967514375,0.0,45.25470843316912,0.4088888888888888,0.916783571243286,9.252550052807573,0.2350029976364996,0.0882203784441582
-0.664251109014841,0.0,43.37217802843736,0.457094475721323,0.8540420532226562,5.974830329833495,0.3570152990656083,0.0810241071577466
0.247154308378483,0.0,46.97425872759519,0.5156901470265527,0.8924773931503296,12.19209159671304,0.2643634720055045,0.0734025573077716
-0.333394054805494,0.1271235700108297,42.92018157707402,0.4694023924793156,0.831085205078125,12.712357001082976,0.3662025735783706,0.0750452784956985
-0.518204207997214,0.0,37.93690624450336,0.4368512110726644,0.7980559468269348,10.34869275817348,0.4032652075293397,0.0868830261401655
-0.0911884929280927,0.1709832369275839,42.3730588747911,0.5765588733677931,0.8143661618232727,17.098323692758388,0.3319926082667926,0.0859493353019855
-0.275032051906635,0.6389431042462724,66.76456125895787,0.7681094415788293,0.922124683856964,63.894310424627285,0.1790193689350117,0.0669765830085198
0.336597858043203,0.1895162956759074,54.0496527765418,0.7145055922290248,0.8821703791618347,18.951629567590743,0.3043982618026842,0.0862067730996381
-0.506350507096417,0.1921206993441442,49.9033915571543,0.624086277448409,0.8612666130065918,19.212069934414416,0.3343824438351361,0.0839863840452253
0.0801750274575921,0.0,43.79598979365661,0.5070546737213404,0.8797256350517273,8.50126549787338,0.308985305271491,0.0742041137076259
-0.250124931944478,0.0,24.6504593306547,0.2929133858267717,0.7968214154243469,7.270717733704594,0.3960999267390557,0.0893294717930355
-0.0719415662169616,0.0,49.20676097491892,0.4525089605734766,0.8884062767028809,8.854416306086705,0.2846729793484305,0.0716831914531744
0.0259709217593644,0.0,44.76573661192501,0.4373219373219372,0.8540679812431335,7.4518355616855425,0.3831565298446933,0.0788802857038017
-0.157289255611559,0.0,36.98891373047186,0.3072155117609663,0.7971400618553162,5.137737290383574,0.4696490781715766,0.0825058524640029
-0.21992354458759,0.1411063897067578,49.39445792759457,0.4603165493317008,0.8337662220001221,14.110638970675785,0.3715942257425758,0.0759841642337424
0.0586522402158611,0.1903275944441438,57.36579779224969,0.551023112807464,0.863227128982544,19.03275944441439,0.347600600031488,0.0677606681019658
-0.878145300167647,0.0,36.39371801891614,0.4227120535714285,0.795826256275177,5.822947568710013,0.5078528965526301,0.0817195521379328
-0.60163004789628,0.0,31.401194121936964,0.3049180327868852,0.7849763631820679,7.141816289329644,0.505882340715501,0.095418324712854
0.817266331201882,0.0,58.68446006892791,0.625,0.9042587280273438,18.52797255583095,0.215420867086084,0.0955344386965559
-0.630342342532971,0.0,36.38945325602372,0.3488888888888889,0.8114295601844788,6.305224310896851,0.4982725579157872,0.0872737251963007
-0.191091512524111,0.0,37.78521165822836,0.3886356054709218,0.822180986404419,8.367512242765768,0.4433632684913685,0.0755161955835686
0.293321075092981,0.0,44.9210464039059,0.380362062180244,0.8849140405654907,6.459012916858625,0.3028866844460811,0.0934765530421456
-0.59812448599591,0.0,31.752864777316525,0.2577319587628866,0.7688209414482117,3.21858262703621,0.5726720364176517,0.0872784902244656
-0.418553186306965,0.0,33.307668146227314,0.2366863905325443,0.8050345182418823,2.8595014980687483,0.4478090558816965,0.0715597911295102
-0.158346849981719,0.0,40.97464576877318,0.3675766283524904,0.8640631437301636,5.751391809950023,0.3298547313747866,0.0852355674345711
0.423549306854096,0.0,46.22521278272021,0.4269758146124267,0.8774263262748718,4.739337565240056,0.3082099318949884,0.0757386571040785
-0.882469615689137,0.0,24.16058478806266,0.2032168799723279,0.7650233507156372,2.7113595655290568,0.5521273504638496,0.0827072529177146
0.184416576689135,0.1185406995893423,41.12450888412861,0.4325567699080869,0.8905779123306274,11.854069958934234,0.3108712083482335,0.0770510091645061
-0.322892150198929,0.0,44.97856121438837,0.4125816993464052,0.7884528040885925,6.019608768705656,0.4322296994095029,0.0751756099510982
-0.157382113555617,0.0,49.63172129817933,0.5625,0.877910852432251,17.0653267718276,0.2577543480944714,0.0891113867486786
-0.750921600296228,0.0,38.39121946978233,0.2604166666666667,0.778721272945404,5.893383794376546,0.4799488258782718,0.08257948714675
-0.203880731088728,0.0,24.64665559922668,0.1875,0.7805066704750061,4.196114906296549,0.4488360689542285,0.0892652583628362
-0.631380603068023,0.0,28.81700571093467,0.2836289726533629,0.7968866229057312,6.070752693846868,0.4814718954140392,0.0719105348142476
-0.254127137039394,0.0,40.85736505530316,0.3866197802197802,0.8433423042297363,6.101678633109228,0.3621707409010105,0.0757746424639042
-0.409798708025253,0.0,41.72117771239108,0.2884615384615384,0.8335062861442566,12.011055432195764,0.3802454878658371,0.0858747769525362
-0.56935627218911,0.0,28.551365120013035,0.3757440476190476,0.7907029986381531,10.581143537579976,0.4792453933338565,0.086747467107678
-0.751448628679512,0.0,27.26987365768609,0.3825757575757576,0.7674544453620911,10.27103870297191,0.4735854072638922,0.0959774827515241
-0.0383351053354624,0.1161008302353223,45.95241086541354,0.6696913761277967,0.9057780504226683,11.610083023532244,0.289516702925,0.0618748637737898
-0.102677080634432,0.0,41.666107621633685,0.3717766176237937,0.8661550283432007,7.946357815712818,0.4001074295238553,0.0885881601108366
-0.0531928140211471,0.1874901589246818,45.7318881236796,0.583756345177665,0.9045659899711608,18.749015892468183,0.2641957002401537,0.0765357205042047
-0.36056571858124,0.1464781876991736,32.62040234806812,0.437563681648364,0.801846444606781,14.64781876991736,0.4065891392754872,0.0777455202442762
0.0116991923290615,0.2174487400475743,60.34936715357622,0.5639164463059257,0.877842903137207,21.74487400475743,0.3556981017866474,0.0760151914868506
-0.599169740595074,0.1088322572875878,42.4313848819781,0.4137023155480978,0.8163844347000122,10.883225728758784,0.4069703691217315,0.073666975473008
-0.317349303399817,0.0,30.64897992761187,0.2439024390243902,0.8732587695121765,5.934202609760488,0.3071546926419932,0.091941872040178
-0.211138840887419,0.1804323991683605,53.64915255028839,0.5992879746835442,0.8553043603897095,18.043239916836047,0.3301786215626506,0.0853838693204611
-0.843797693080753,0.0,21.31247767130308,0.2576367908694192,0.7118891477584839,3.270979537127936,0.7070848821064261,0.0961902607797818
0.493940583607176,0.0,38.54207375783982,0.5221886617100372,0.8715243339538574,12.369630105455505,0.3161167273003535,0.08737743385349
0.516228162269816,0.2516441111691874,54.64108683383439,0.5933270841877089,0.8783196806907654,25.16441111691874,0.2841331931353482,0.0797867598820313
-0.337935559527382,0.0,31.72718677129572,0.384735534256301,0.8094435334205627,7.406475850153796,0.4396116335547225,0.0764778544065774
0.105101082840744,0.0,69.34881319347232,0.764691418736169,0.8883096575737,12.549310621989482,0.2277879687275986,0.0938023724213763
0.271046072106023,0.0,36.99063567991157,0.4310809689729551,0.8165764212608337,4.937956672057494,0.3948800646894983,0.0879353635182622
1.00372421430468,0.0,37.36380044030847,0.6200000000000001,0.9062011241912842,17.965205598154213,0.1711137703299876,0.0782794608594203
-0.467323085795292,0.0,44.55711262751042,0.6233632622521511,0.8658854365348816,10.511846841633782,0.3719852573416688,0.0935718619161075
-0.682264506435587,0.2198429611030489,54.3600155956783,0.6083861472381583,0.8491145968437195,21.984296110304893,0.3626000880248304,0.0899978871513459
-0.378100826820556,0.0,38.54842622891093,0.2314814814814815,0.825867235660553,5.708765135015525,0.3699774368806395,0.0850465798838003
-0.72538397048932,0.0,37.23186486279664,0.2967407407407407,0.8109148740768433,5.315321813794574,0.4274473100666506,0.0966915371703052
-0.552676524689909,0.0,43.61620273902737,0.3581371191135734,0.8217800855636597,5.78083904183164,0.4099701099687461,0.0825649750395562
-0.0226110700959228,0.1187946673780931,44.64340975634224,0.5261001872659177,0.8769134283065796,11.87946673780931,0.3421778384174656,0.0870217550155984
-0.353416066641778,0.4217817397643765,59.05200817092447,0.6052358093729897,0.9433593153953552,42.17817397643767,0.1856595193635443,0.0769242360055995
-0.107500169141506,0.2368307517536149,64.91353941042168,0.6662436548223349,0.8627532124519348,23.68307517536149,0.2794854588394753,0.0799926499366385
1.13723287107342,0.3187271473320672,72.17368843843927,0.6656383483626008,0.9385814666748048,31.872714733206724,0.242336778946408,0.0678650200459554
-0.224965400903684,0.2488366927603305,58.14030023335395,0.5026731437255753,0.8877923488616943,24.883669276033054,0.2765699483314819,0.0682172913453535
-0.252434242315891,0.1004846686023983,37.94381192603644,0.391578947368421,0.8110966086387634,10.048466860239833,0.4068607650122279,0.0849428050350925
0.177870771977613,0.0,48.75652749760577,0.5301443721593442,0.8571317791938782,13.305736926613127,0.3188584428929484,0.0840550099954958
-0.211420948633045,0.0,44.3054604947316,0.4578303358791164,0.8611232042312622,7.320913259599298,0.3181976218996835,0.0606696534360458
-0.520498807526463,0.0,67.41778509706577,0.5111111111111111,0.8867617249488831,24.880469496253564,0.2935499586572544,0.0839421124533217
-0.37958288119121,0.0,42.19030221251619,0.3877620038287232,0.82369464635849,7.917169086237441,0.4286990579071728,0.0808197440409308
0.254641563189416,0.0,47.49066968790248,0.4287193973634651,0.8689923286437988,3.0526087746110777,0.2898705796215181,0.0858635331490141
0.282938159186434,0.0,52.509872901126734,0.6149469386573236,0.8920503258705139,9.993273473521064,0.2554343401657716,0.0755631764660641
1.03359809230532,0.0,57.131140665715854,0.25,0.9531130790710448,15.97357760615681,0.1365729921683194,0.0793447587229457
1.57603633821051,0.668740304976422,98.0846877795898,0.46875,0.8965112566947937,66.87403049764218,0.2078975780850983,0.0852649729460403
-0.196628083860418,0.0,46.21059478224777,0.5151491442542787,0.8896094560623169,10.99031182773213,0.2718717764284759,0.0818521448514174
0.107153791384645,0.0,41.64705443024505,0.5397394136807818,0.8740100860595703,7.937364496842005,0.3099909729506488,0.0857116040939669
-0.309332205218512,0.1254691807168483,45.752392809563744,0.4014926765856673,0.8097895383834839,12.54691807168483,0.4237368697114162,0.0911145756255729
-0.0107619172814658,0.0,39.26456492830535,0.3709314943816291,0.8447376489639282,5.133807031921855,0.366857980867386,0.0968780471713653
1.07673426313545,0.3438931217657843,77.45749522162629,0.7886904761904763,0.93856018781662,34.38931217657843,0.2236268706182288,0.0680509394170217
-0.64078199581434,0.0,39.135849675222126,0.3234880450070324,0.792471706867218,12.600736402830258,0.3777582608418091,0.1130425948495017
-0.0382291245584446,0.0,34.175424550071575,0.3441358024691358,0.8217079043388367,5.039518688486958,0.3853246717915581,0.0716556624721509
0.0455830482149428,0.2551699459954115,50.094960298996185,0.5824628046850269,0.8702960014343262,25.51699459954113,0.3085754121169913,0.0560772992377273
0.352654250389484,0.1617763450646993,48.195443966800525,0.5379255036234293,0.8651539087295532,16.177634506469936,0.3419072510038072,0.0801953585194423
0.330524084919184,0.1431098337086488,47.25941125396028,0.5424971084700874,0.8549452424049377,14.31098337086488,0.3165986959504409,0.0782641286512357
-0.253336164061559,0.4183007445500922,67.67620326067704,0.7200590762620838,0.8549559712409973,41.83007445500921,0.3793866310722601,0.0864597244449834
-0.457979380841833,0.2418326613180854,56.720860337164126,0.4974615908729975,0.8930502533912659,24.183266131808544,0.3222083201040082,0.0606628507524793
-0.317280516454579,0.1145764785241001,46.20564880359819,0.4830994897959184,0.8590372204780579,11.457647852410012,0.3697393897656381,0.0825780072132666
-0.20621248956865,0.2619310109661505,49.74920655948928,0.665680473372781,0.86933434009552,26.19310109661505,0.3209123217209872,0.070325240237695
-0.580003505834647,0.0,33.906901727200925,0.430695847362514,0.8371366858482361,6.033504141761816,0.2921787853327993,0.0697191188016002
-0.47830492105577,0.0,8.854581673306773,0.0704225352112676,0.7742584347724915,6.567274736060395,0.4290222607466321,0.1122419499747162
1.13370452171829,0.0,18.745158350421505,0.5111111111111111,0.9061490297317504,12.703318703865364,0.1600602462787149,0.0762218725563652
-0.236106710311882,0.0,44.13632378308196,0.5552689525007863,0.8538057804107666,11.995974366394748,0.3606510411550124,0.0775040732478491
0.160239119368355,0.2445874991538772,60.11675945320457,0.6267689557574855,0.8982324600219727,24.45874991538772,0.2656643942269462,0.0741105695140703
-0.841240201999775,0.0,21.177929301568103,0.1666666666666666,0.7557534575462341,3.211547431691929,0.5535569552898036,0.0998594419419499
-0.416091441983228,0.0,57.78281134623718,0.5842449720536951,0.871216893196106,8.400156847061869,0.3418538126666318,0.091053220978277
-0.388234833296115,0.0,55.60497556410971,0.5995255144322694,0.8876606822013855,5.883331441869545,0.3102480928036729,0.0800091060794495
-0.167752260648298,0.1456823391883605,59.71656409680908,0.6583668970546799,0.8747380971908569,14.568233918836048,0.3481835801386114,0.0731964428648188
-0.0792408495308533,0.1314614387852642,54.28429527795592,0.439357069672131,0.8599542379379272,13.146143878526429,0.3463571375326179,0.0972631232723591
-0.285188320310299,0.1886751336073318,46.00495052749824,0.5381651637470298,0.8500509262084961,18.86751336073319,0.3394423748824646,0.0747317793324681
-0.557478021834819,0.0,35.21990482807815,0.2121212121212121,0.8229090571403503,3.0372940354383413,0.4502576575364771,0.0748108130661661
-0.591298434977747,0.0,34.487009244461355,0.3225693541612496,0.8259578347206116,4.666487109416704,0.4109764304316208,0.0778594959970099
-0.564733743479225,0.0,27.210866083146342,0.145631067961165,0.7414935827255249,1.8089271137115144,0.5547210052488379,0.1028392212748498
0.788360494955373,0.0,53.0969430024965,0.6226379440665155,0.8849575519561768,19.9693958818894,0.2900001854378257,0.0972983063651558
-0.767351722304635,0.133554193752327,47.34208326402921,0.407346290184574,0.8204558491706848,13.35541937523271,0.399760733277008,0.0947372710092098
0.164557290754383,0.0,43.27441795702449,0.471428174570103,0.8625701069831848,9.84934946888872,0.331486023048083,0.0932308826339058
-0.307355198820322,0.0,41.940229489277165,0.4276610339898099,0.8158242106437683,6.237923061531353,0.3884021424973839,0.0802689096044936
-0.10887671838453,0.3155365536525734,58.20005304584736,0.722862382781411,0.9001465439796448,31.55365536525736,0.2402721863195235,0.0725861583616047
-0.0268133685283243,0.1469924854714422,51.05327854821161,0.6002938034188033,0.85527503490448,14.69924854714422,0.3319929578140593,0.0830373011697512
0.0774628186925563,0.0,60.260744438788,0.6898846495119787,0.8795771598815918,11.731175160263996,0.3014695710740729,0.0892310474531431
-0.901093772963457,0.0,30.98854145152119,0.4383680555555556,0.7818006873130798,7.158561577277536,0.5071689662848329,0.1032729035404941
-0.727572913929694,0.0,38.54993013774744,0.3982142857142856,0.7715622186660767,7.495553473355845,0.5628973024798124,0.0931158783433065
0.242590017913789,0.0,55.82969795239943,0.588671454741066,0.8667883276939392,15.205325886308136,0.2869272083889893,0.0688178312301301
-0.495695566214079,0.140693371113184,55.23545083159643,0.6396077984266332,0.8548927903175354,14.069337111318417,0.3320015743589428,0.0799693438464362
0.491406622512698,0.0,43.448690428745,0.3523875114784205,0.8983924984931946,7.474875887495341,0.2802789608602473,0.0799839242043932
-0.52717458229448,0.1560604184598074,40.58892292736367,0.4181327160493828,0.8123379945755005,15.60604184598074,0.3841091164035657,0.0912699492368988
0.0244531450848765,0.23880439926834,62.63668407204685,0.694652986319653,0.9335739612579346,23.880439926834,0.2351628922901713,0.0705510509569323
-0.104402112237148,0.1452159106773925,53.93104571698687,0.573171199754369,0.9048870205879213,14.521591067739257,0.2918783270931961,0.0573745913731608
-0.502612938053115,0.0,29.864960294670485,0.319579047505797,0.7977036237716675,9.744123791342732,0.4949590029341499,0.0823446649136616
-0.678279652630037,0.1754386006461776,46.22558019099889,0.4916299559471366,0.8367054462432861,17.543860064617768,0.4342423871373189,0.0984051124856096
-0.488102749209884,0.1887535121456652,43.6481281289215,0.4708860759493671,0.7506784796714783,18.87535121456652,0.5047923066249991,0.1096586686453082
-0.6827062215321,0.0,16.28572955187984,0.1557093425605536,0.764081597328186,1.5272140085687087,0.5199482662803852,0.077674381348203
-0.878896116479793,0.0,15.590742564426776,0.3476635514018691,0.7031094431877136,9.545138913210204,0.6770655254883552,0.1143692332101436
-0.100778839147936,0.1001682049501131,49.32819397291651,0.5191200657894737,0.8277689218521118,10.01682049501132,0.4005079273047844,0.0823907868283106
-0.108994129206678,0.2257989366964201,56.370498757838895,0.6576991483616348,0.8773806691169739,22.579893669642,0.2764852492640729,0.0871056945724962
0.18061098992033,0.2652951833482445,47.76709210355318,0.5625,0.8597659468650818,26.52951833482444,0.3531307964787304,0.0883615048845249
-0.271663700477837,0.0,39.05221513551446,0.3895287958115183,0.8404657244682312,6.439931429457922,0.370101184261551,0.0831098337194706
-0.752387750659904,0.0,41.67656602839789,0.5361402671755726,0.8223089575767517,7.474875887495341,0.3555703405097567,0.0770808009819824
-0.846061704358654,0.0,31.29571380356454,0.3260869565217392,0.8001551628112793,2.7156804039319287,0.4653903134607661,0.0819541926970105
0.160688684756227,0.0,37.311290856052565,0.3648843930635838,0.8629068732261658,6.439931429457922,0.3438648835598736,0.0782438158599258
-0.514789020159533,0.0,15.18952924006146,0.0,0.689117968082428,0.0,0.6643756237502634,0.0968622006916624
-0.620448143200906,0.0,31.997101029782865,0.6859756097560975,0.872324526309967,19.070828081828378,0.2993838315133101,0.0829317170827426
0.268420212746166,0.0,51.45529667099088,0.3488372093023256,0.8439735770225525,7.809849842300637,0.4247680592313368,0.10068031580033
0.165595377317503,0.3861577364117873,63.66143473914117,0.7315300858121543,0.8954869508743286,38.61577364117873,0.2956518442680528,0.071422994819766
-0.0071628641916759,0.3144782715904665,64.84618943758646,0.664578905319646,0.898320198059082,31.447827159046657,0.2925403311565639,0.0587083552119618
-0.313471630802183,0.0,39.29029807083726,0.308312145137548,0.8324766755104065,6.007664411666927,0.4151836934695749,0.084197727323421
1.20356676383238,0.0,83.74327398179217,0.635593220338983,0.9117088913917542,24.73692954409193,0.2389462483797114,0.0968791174700942
-0.792969710058552,0.0,25.22412381707648,0.2459016393442623,0.8272446990013123,7.809849842300637,0.3597641413272213,0.0766121510763073
-0.424744247204451,0.0,36.23478189470725,0.2542372881355931,0.8388360142707825,8.745825313180626,0.3611917182682044,0.0674103188921089
-0.0122669355287688,0.466291296840048,68.25894273684162,0.7578976087930934,0.906188428401947,46.62912968400481,0.2428138884369976,0.0701167541827127
-0.784154389046866,0.0,21.042656520018745,0.1401869158878504,0.7418640851974487,4.513617516969122,0.5540946593250032,0.0948011226250009
-0.468591963234155,0.0,39.76861979239425,0.3260869565217391,0.8521456122398376,8.107995074411864,0.3073042349058841,0.0664872844564014
-0.177348687883725,0.0,46.69273616154535,0.512215036906395,0.8819307088851929,7.398770115479594,0.3153806258184827,0.0622234157212918
-0.719181012144074,0.0,50.99246914319829,0.4482166698455083,0.8256663084030151,5.486024359355534,0.4356055040220171,0.0893671130618717
0.673529481518852,0.0,56.42403381510523,0.635593220338983,0.9227636456489564,34.98330125272253,0.1746386349009056,0.0827904744468335
-0.509882171157137,0.0,37.84161127657968,0.3119325475094707,0.8189530372619629,3.2043712755426608,0.4062268050950338,0.076848090545447
0.0167551427477687,0.3058882050404091,53.07935790757456,0.5380678827784683,0.8794638514518738,30.58882050404092,0.3393578922584132,0.0746439177004138
-0.151760796548884,0.0,51.434698097191045,0.4992503473999855,0.884221613407135,8.914096976554452,0.3146835262904298,0.0854536868444541
0.0166069335414835,0.0,41.94962586211476,0.5037771731952773,0.8573989868164062,5.911245883122323,0.350307408383841,0.0798943472274902
0.490363959288519,0.2816849553731144,54.76539180853696,0.6125720010017531,0.9045790433883668,28.16849553731143,0.307849575086434,0.0623020428037527
-0.68770261742111,0.0,16.833411995146548,0.3675766283524904,0.7862889170646667,9.545138913210204,0.5054743204183515,0.0993075353931838
0.213405693556042,0.0,58.75966867476407,0.5573902606310014,0.8821739554405212,11.718772551361232,0.3068200810908937,0.0716226301089988
-0.477446337240486,0.0,50.62124243064654,0.4231292517006803,0.8636979460716248,11.704569597597914,0.3061491477106428,0.0951408866612674
0.543999196020768,0.0,60.86565175184416,0.8018390409487387,0.9381722211837769,11.835581533042378,0.1962029221878561,0.0796965746147953
-0.263619222076995,0.0,35.36456853508798,0.3765641672325153,0.822968065738678,5.57527972720798,0.4079534973933456,0.0847545919080611
-0.369689425802473,0.1777011473824654,43.680596991148754,0.4364029562442261,0.8162859082221985,17.770114738246555,0.3993238047707301,0.0727397596173022
-0.211719849781687,0.1562214121647492,55.01180318910615,0.4590576612520184,0.8406602144241333,15.62214121647492,0.3644200157464888,0.084455064289329
-0.623071316825914,0.0,29.182971112664763,0.1020408163265306,0.7796811461448669,9.535414040914192,0.4426164332127773,0.0738319031015549
-0.252301529491955,0.0,46.69697589357199,0.4784972499638153,0.8374279141426086,6.262459616203869,0.3623862169620503,0.0726196583661868
-0.178005795019795,0.0,28.82400516389841,0.1818181818181818,0.8205797076225281,13.674406678232565,0.3548101736587895,0.0825588736302872
0.299218461478961,0.0,49.10803462728982,0.6281690140845071,0.845164954662323,12.22307556087252,0.3004669332513469,0.084784092831382
0.4408882960038,0.0,42.24694280313916,0.4415841584158416,0.8508285284042358,7.481424186273333,0.3977957351614394,0.079712162477807
-0.354867911345026,0.0,32.07699513487693,0.2941176470588235,0.8096836805343628,9.423716574733431,0.3593348159991695,0.0785930154825098
1.26319582637758,0.6315552371794037,79.58875447250479,0.8063619174730285,0.9540867209434508,63.15552371794033,0.1220531178667759,0.0587857930969882
-0.234704507135479,0.0,32.25050561086758,0.2419354838709677,0.7974269390106201,2.46233736722218,0.4655068605630341,0.0798646122940253
-0.36441101553186,0.0,48.22853169724554,0.4776738002763078,0.8483980894088745,9.394000046422509,0.387048508437248,0.0804993768366063
1.31394248434717,0.3688939732334406,53.83816267656029,0.7471655328798186,0.9517194032669068,36.88939732334405,0.1744994532851526,0.076532238975341
-0.620306994538885,0.0,29.82507749156664,0.1933838051349573,0.7913962006568909,5.6760995845363365,0.5083702506671514,0.0810558963338931
-0.342731755709425,0.1143433820088083,41.12379038408001,0.3022058990228751,0.8332560658454895,11.434338200880834,0.3979607134342598,0.0791127399660089
-0.0772218618935186,0.0,15.18282658959586,0.2,0.7598456144332886,10.682175159905848,0.3491614979222062,0.0821610813455607
-0.555770802960437,0.0,39.33285139658509,0.2964878028939528,0.8264673948287964,7.603299626136531,0.4018190665080721,0.0784116346205361
0.0739169533910749,0.1967497981115563,59.61923877075551,0.6753305288461539,0.8709893226623535,19.67497981115564,0.3375587778945312,0.0876482384831879
-0.0953816540111559,0.1976234524219345,63.418711617875935,0.7859245848877185,0.89943927526474,19.762345242193447,0.2184391787858366,0.0759829090274583
0.19193008045186,0.1148193498948279,49.30541491272955,0.5283795931096474,0.8596879243850708,11.481934989482795,0.3083476658614312,0.0828004281306343
-0.234922479789479,0.0,43.301868585158246,0.483760526530946,0.8538820147514343,4.317900023606588,0.3220677891023748,0.0786231338253593
-0.190645923431799,0.0,39.17274482906844,0.3633271490414347,0.7850906848907471,7.188959550044094,0.4074225143837925,0.0948421768144766
0.0785418643486957,0.141543757252386,46.42881106583409,0.380356822664515,0.8079577684402466,14.1543757252386,0.446645616132038,0.0837892555245808
0.0055982538483763,0.0,52.54938295450376,0.5721334284277847,0.8794853687286377,10.3961696874448,0.3036945962740195,0.0835248064806312
0.0019757223676735,0.1893014261540285,56.45334400947666,0.5213074647246245,0.8950170278549194,18.93014261540285,0.253753791002236,0.0672997114606862
-0.774493076979745,0.0,25.147316528016344,0.2459016393442623,0.7605761289596558,7.809849842300637,0.460366872335486,0.0927130026649403
-0.0288090232279714,0.1925514198643062,52.66756153408371,0.5487164614938448,0.862913966178894,19.25514198643063,0.3773389696042742,0.0805912563305038
-0.375561366388225,0.0,44.70676137731783,0.4427287581699347,0.8434145450592041,10.71006312348702,0.3896436400607351,0.0698652896691472
-0.222112911882758,0.0,53.81038142288177,0.5547745921736572,0.8636818528175354,7.378207406861627,0.304841339133618,0.0685714838210966
-0.268657373277128,0.0,27.71261068052813,0.3048780487804878,0.8639927506446838,6.27465531099474,0.3791711681493923,0.0775011971551207
-0.406183507378382,0.0,50.063497661883126,0.350943396226415,0.8277905583381653,8.820727472213227,0.3633433672233999,0.0871145551349047
-0.232722416749423,0.1877646789729766,61.98487720768473,0.6384943181818182,0.8708502650260925,18.77646789729767,0.2980749036357529,0.0818374324555369
-0.499743092980175,0.0,24.629854594971683,0.234375,0.7619174718856812,5.522397783539471,0.4651985820422743,0.1139085965739119
0.434340148819467,0.0,48.31390857900306,0.4840587892796019,0.8546327352523804,10.142854378569709,0.3452760255523708,0.0722732213215726
0.194125177754187,0.0,46.95118891989365,0.4099056502396355,0.8606046438217163,6.543067635151829,0.3180567629497005,0.0783987090559401
0.251428265626209,0.5019724248795793,79.62150900098483,0.925925925925926,0.96573007106781,50.197242487957936,0.1345052159533573,0.0837260277430788
0.0655322994858177,0.1397122474247698,33.259876833395374,0.3576923076923077,0.8500569462776184,13.971224742476974,0.3240961670977406,0.0783771628210183
-0.285566582292325,0.0,62.39738408733571,0.6194444444444446,0.8804152011871338,20.164945583740657,0.2707107300081786,0.0827382022440458
-0.367537924540889,0.0,49.652615224097794,0.4200797966245321,0.8389608263969421,5.820178266918178,0.3789560957220291,0.0791692167063703
0.195121694501923,0.2165195674618105,69.18603018568228,0.7685881370091896,0.8956224322319031,21.651956746181064,0.2450687854722152,0.0718454273828539
-0.548902528374384,0.0,18.41356424212194,0.1685393258426966,0.735630989074707,3.377811044913357,0.4774271723714463,0.0879996146019374
-0.427677886283448,0.0,34.564995109772504,0.4024980145837845,0.8413729071617126,10.521495173810226,0.402078026665107,0.0923448784164083
0.257340246182248,0.0,44.159403579642174,0.5195495626117635,0.8875652551651001,7.439820585622744,0.2944885665756077,0.0706444380155552
-0.270507947180777,0.0569263243854917,41.466172963369786,0.3460667903525047,0.8127880692481995,5.692632438549175,0.4335388330938181,0.0743233977714854
-0.401657709998848,0.1058227459934813,35.86683399988676,0.4360911885245902,0.851231575012207,10.582274599348144,0.3469198667642253,0.0955361451482571
-0.0288273315123153,0.1212940524445139,47.02031098871879,0.5324074074074076,0.8742045164108276,12.129405244451394,0.3237018360434469,0.0854953045217775
0.24489531024815,0.2907153684841096,65.44761469636052,0.7740169238427077,0.941395342350006,29.071536848410968,0.1955252451259124,0.0894302354824147
0.90472755217919,0.3393251340793363,69.1045701476932,0.8861997310842195,0.9425413012504578,33.932513407933634,0.1855370666472708,0.0682995705319558
-0.180550666481447,0.1947515936103478,44.75651638807532,0.5430380086371073,0.9006431102752686,19.475159361034795,0.2481177911071437,0.0748358702423002
-0.398078826242446,0.1617308490175298,48.95313633712913,0.5494266910916616,0.8815703392028809,16.17308490175298,0.2994966107049329,0.0743915336756416
0.712114985836869,0.3642241210467653,71.91002042000123,0.7659631596011997,0.9374290108680724,36.422412104676525,0.2145705193263999,0.0661321069039993
-0.752552760009804,0.0,29.393533686744643,0.2060931899641577,0.7822870016098022,3.3142882018868,0.4782975185462365,0.1029964346761927
-0.0451462756965967,0.2220852593083404,44.262303591413776,0.4320658440959409,0.8852377533912659,22.20852593083405,0.2945998641161025,0.0645052093662995
-0.230279931165369,0.0,21.53015083419509,0.2694336161430865,0.7751976251602173,3.6570159134143823,0.4627425628412703,0.0900829854982061
-0.207814913413109,0.2440308089359952,52.69200888268459,0.550108069164265,0.8903579711914062,24.40308089359953,0.3002813595957986,0.0660424091984577
-0.141426961436429,0.1562297447881729,50.20746432039338,0.4887747875354108,0.8404115438461304,15.622974478817296,0.3929455360249705,0.0801578644037707
0.127444741283436,0.0,58.95881144482291,0.582287961055982,0.9386637806892396,11.355085821332205,0.1481022925013816,0.0786741785945458
-0.145073210249966,0.0,41.62169657981335,0.3604138551506973,0.8008937835693359,3.830042533013204,0.4295130504369281,0.0904342069145589
0.488623291486269,0.3862752974508186,68.6902939189379,0.7145928899082569,0.9156386852264404,38.62752974508188,0.1858583852669401,0.0738512365081898
-0.245794167352985,0.1084865070327467,53.06360469389286,0.4887554615342071,0.8332147002220154,10.848650703274677,0.4068796172390331,0.097333167834637
-0.591201715152859,0.0,62.84110418373105,0.7354648095388837,0.9120217561721802,16.735949370018847,0.2689750158684023,0.0812782779945756
-0.120166817871316,0.1617855318866828,44.409576021257664,0.4622655122655122,0.8239930272102356,16.178553188668282,0.3995392510571279,0.071216031013982
-0.163667324836626,0.0,41.96219079569968,0.4227070171480143,0.8042589426040649,7.990366857067075,0.4059977267608909,0.0760526006861191
-0.512042358297441,0.0,42.15435269386915,0.3729323308270677,0.8599210977554321,4.517590198933187,0.3406576613119785,0.0782777928641826
-0.374494218439751,0.1663680342666354,55.182845048444975,0.5074632352941176,0.8863378763198853,16.63680342666355,0.3364013420610865,0.0791712731665233
-0.027266403159796,0.3092515270123993,60.20053505791374,0.7046772744188581,0.8945340514183044,30.92515270123993,0.2724566069060801,0.0768685962810168
0.100020849116701,0.2653283715352675,56.18043012340571,0.6563675878575207,0.8768577575683594,26.53283715352676,0.2952800904622343,0.0754658043899635
-0.457911839682192,0.0,31.193897422385536,0.1347305389221556,0.7810527086257935,3.048443208709628,0.4986560692593984,0.0858795342610645
-0.476629485120058,0.0,25.20085862961946,0.1412429378531073,0.7545027732849121,2.8316557261689024,0.5247828647831044,0.0728415381342509
0.464950802689238,0.5081808781810275,69.30511702047312,0.7498331850533806,0.9435793161392212,50.818087818102754,0.1593866139824824,0.068539227689568
0.0886472008685664,0.0,13.206272566683758,0.1428571428571428,0.7733780145645142,6.567274736060395,0.473123816349372,0.0968406294103725
-0.0326964351891912,0.0,39.40753320862459,0.3040178571428572,0.882178783416748,5.752231462475734,0.3015287253419721,0.0733773908379794
-0.146973724229549,0.0,46.779014404171946,0.4922846998124719,0.8485243916511536,6.244385951234724,0.3271702290643516,0.0809918632336453
-0.336638703442628,0.0,30.78937267639833,0.3375668449197861,0.8285866975784302,6.346319638614487,0.3940105048364897,0.0724089496502273
-0.395405429826116,0.0,20.80598842008285,0.0746268656716417,0.6832993030548096,7.545383788761362,0.6101339705711544,0.1018887730197518
0.154739243940617,0.0,61.94514526341452,0.6360544217687074,0.8736726641654968,11.99014838091355,0.2443212347410543,0.0650711260390169
-0.438139670227985,0.1265066274091871,53.60424505149472,0.5393981222626036,0.8592118620872498,12.650662740918715,0.358607591873004,0.0789204945891831
-0.448285911738529,0.1496643014380798,44.4129824209024,0.4781699871275552,0.8491625785827637,14.966430143807992,0.3666717658195248,0.0686039029227388
-0.0684492908785273,0.2737928561916526,48.60340876234445,0.5289115646258503,0.8356576561927795,27.379285619165262,0.3287455152029366,0.096109548866497
-0.181297789055344,0.2897755921280485,53.895228857013,0.613338192419825,0.8822760581970215,28.97755921280485,0.323333723623506,0.0850593986790151
-0.734764545652885,0.0,37.66597966213202,0.3112970711297071,0.7659091353416443,7.832899330004498,0.4528295002336427,0.0848815965869959
-0.476223574797708,0.0,53.9692762715967,0.7891502808988763,0.9169656038284302,15.25487608028144,0.1869424368885412,0.0689486280208152
-0.773249314847198,0.0,35.32563511595693,0.4054620967403615,0.8199290633201599,6.871624004919691,0.43977455474146,0.080976305070444
-0.322099596678937,0.0,45.6376327296704,0.4990963855421687,0.8546950221061707,7.981597517396075,0.3557766398922443,0.0792922229627435
-0.106687831883404,0.0,44.62652643164082,0.5208333333333333,0.8683418035507202,18.70274255449444,0.3130596206223669,0.0797470908095294
-1.05960863752079,0.0,16.315363443118542,0.3321428571428571,0.7729765176773071,4.368583925857938,0.4974389396958244,0.0868821082040753
0.0636583441204977,0.0,53.25174147712821,0.5859093973228194,0.8457954525947571,3.9287078732937015,0.3725162709039938,0.0785795291025215
-0.345515021790233,0.0,41.531845418610686,0.4776843169700313,0.8570884466171265,9.165852474742527,0.3577536470179662,0.0766824576387821
-0.603843046041107,0.0912141917326035,47.9174385587674,0.4173060379902816,0.8366346955299377,9.121419173260358,0.3915582526409769,0.07540342787281
-0.105222656927188,0.2907153684841096,55.48190557921979,0.5625,0.8769104480743408,29.071536848410968,0.3344651898616264,0.1000591433161453
-0.24321576524614,0.0,48.405196033598976,0.737190082644628,0.9326421618461608,10.390302174233558,0.2374645567108994,0.0831478550274123
-0.296193296525282,0.0,61.24781126446109,0.6619183285849952,0.8700604438781738,20.098339913206324,0.2170064327949725,0.0956697443540012
-0.0132511810956397,0.113098691356984,52.66891927683396,0.4980858028336104,0.8285384774208069,11.30986913569841,0.394777084662833,0.0776899539164374
0.720133988851628,0.1457358202323125,55.624033274858085,0.6148760330578512,0.9130028486251832,14.57358202323126,0.2445390035641165,0.0672920472986393
0.0759006394143785,0.1438055362499949,54.50041453055627,0.6917432956329498,0.8912175893783569,14.380553624999498,0.2937213625277117,0.0721980012377316
0.0885834133374993,0.0,45.42120229681863,0.5798500142391545,0.862202525138855,11.55766529342398,0.3039253756688132,0.0729618750128025
-0.681234210787816,0.0,29.908797341305803,0.3060545575515635,0.732211172580719,10.521495173810226,0.6194936812544842,0.1154604519826361
0.954631505355409,0.0,71.92936748028114,0.7281553398058254,0.9400786757469176,24.739977342883947,0.1999576982420266,0.075774929484688
-0.31927956427545,0.2267127686073928,61.55239006833586,0.5598348288731835,0.8649322390556335,22.67127686073928,0.308635634103256,0.0829308138680067
-0.6224631537726,0.1502526549292177,49.23132571880496,0.4849451798527078,0.8726518750190735,15.025265492921774,0.3610625626275899,0.0795727764007786
-0.208005554845356,0.0,49.99054006087976,0.4295983162100456,0.8734256029129028,9.354688318825607,0.2838148836936666,0.0642240229252901
-0.491823043877239,0.1828425759341994,56.54688206590214,0.6787142857142857,0.8722649812698364,18.28425759341994,0.3362363607035207,0.0841017831013595
-0.369530522776086,0.0,50.5108415479587,0.4317367601246106,0.8521437048912048,4.92969725708327,0.3749193628498811,0.0768703616334559
-0.135044328197848,0.1353457829195302,31.17508010947814,0.4309178743961353,0.8311380743980408,13.534578291953023,0.4227861547455563,0.0851019484636694
-0.0798803633805395,0.0,43.839248803257256,0.4987475398103417,0.8623706698417664,10.670721614580264,0.3163137319880162,0.0701114688402155
0.813093641088701,0.0,45.21354914363808,0.3683168316831683,0.8352481722831726,8.606119900909883,0.3796879119527939,0.0774190017782767
0.1385894251788,0.192871669670409,61.29538808653954,0.6723266583493688,0.898399293422699,19.287166967040903,0.2701467835770162,0.0776200264315264
-0.0122121467803029,0.0,36.52364876858745,0.373073803730738,0.8557595610618591,10.700376384219688,0.3890537334728215,0.0810645320747264
-0.287991689868807,0.0,8.061412851381382,0.0657894736842105,0.7252384424209595,5.876350803261633,0.5010758063172389,0.0947727239227887
1.65229540779164,0.0,100.0,0.9814814814814816,1.000000238418579,0.0,4.440892098500626e-17,0.0
-0.515192060409138,0.0,50.58460583862205,0.5230726650563609,0.8491899967193604,7.05950422808534,0.3916550906962124,0.0748666418556052
-0.766227818437268,0.0,33.12740845606141,0.3457836928911308,0.8072553873062134,8.757447681401308,0.4050322296611264,0.09406876887714
0.904270994175172,0.3688368870731212,69.51140872822542,0.6744604316546763,0.8972789645195007,36.883688707312125,0.2538783121885792,0.087890805153613
-0.896657479194511,0.0,24.62814025891089,0.3181818181818182,0.7768081426620483,5.604233375480572,0.4230308606800772,0.0888704146995924
-0.509372711402412,0.0,27.23303698201595,0.4244175546324724,0.7888047099113464,7.141816289329644,0.419989846881333,0.0878790081909769
0.391680506425907,0.1374727042201142,41.47919682161663,0.5110804386166705,0.8641743063926697,13.747270422011429,0.327598356586686,0.0832098930441574
0.641218283273592,0.41477693499205,74.41257759311362,0.7857142857142858,0.9483698606491088,41.47769349920503,0.1775721514479435,0.0756693421175123
1.14119923574607,0.0,39.07633885189245,0.4958545918367347,0.9554625153541564,15.909385168481824,0.0962200314183333,0.0737691477574266
-0.548413077798375,0.1334874706479699,53.18253743616352,0.5894608374135216,0.8043256402015686,13.348747064797,0.4929113761594185,0.0912573395791276
0.658362964669457,0.0,57.34990972239207,0.6728264833046831,0.9240128993988036,13.104015493121368,0.2284926553593005,0.0778184668282658
1.17689859554433,0.5311878904526516,67.32509626892138,0.8440643218655903,0.9717698097229004,53.11878904526514,0.1309742991446715,0.0578333932839049
-0.193726279825633,0.0,35.54098813499219,0.269221136989732,0.8226733207702637,3.488640365148914,0.4209716491037378,0.0673852138371711
0.215319762147438,0.0,50.8796707123884,0.6443659731500924,0.8497487306594849,8.3996724232238,0.2982200487091607,0.0792204219303741
-0.266157597008957,0.2087037146733082,46.47977561168031,0.4463999999999999,0.859127402305603,20.87037146733082,0.3325619367323623,0.0819772674953347
0.127037135106693,0.0,40.03911490990236,0.5070182342909617,0.8548027873039246,7.037768729937311,0.3213273366403466,0.0937474374966235
-0.308395575582163,0.0,31.54344359318864,0.3186442615454961,0.8157306909561157,4.526601509693065,0.4135056138644231,0.0906247525176717
0.681786102503485,0.3376459109063278,46.60535399229958,0.6320224719101123,0.94629967212677,33.76459109063276,0.1313907451565966,0.0746844888576601
0.276588600741558,0.2557291360727663,56.31075699645021,0.7373595505617979,0.907614767551422,25.57291360727664,0.2381067597187088,0.0653737222012774
-0.478801132617323,0.0,27.004150142724413,0.1707317073170731,0.7546176910400391,2.449932250423938,0.5852270527183587,0.1013115867257922
0.0400240759027127,0.0,44.35439995840023,0.5215766224940537,0.853223443031311,4.645415029455679,0.3329401204955565,0.0761626742937212
-0.377388330378133,0.0,42.41559720893324,0.5666909620991254,0.8246970176696777,8.383924775392588,0.3917203015913848,0.0837837916221631
0.163057710676293,0.1896312653889896,47.22280535308917,0.4648805610344071,0.8799669146537781,18.96312653889896,0.3073465394905337,0.071856034649868
0.0815691380399025,0.0,45.47330148110378,0.2849740932642488,0.8266613483428955,4.931985799844692,0.3915502561527135,0.0707565218040878
-0.295198215919202,0.0,29.388102887528927,0.2964216331390613,0.811678409576416,2.9809077846520733,0.4101464095883852,0.0919675088733815
0.115265771189887,0.0,37.46586614301155,0.4508928571428571,0.8668644428253174,2.087936282709597,0.3830583582340467,0.0752948259914364
0.456572282844691,0.3816330911371337,49.4269926754526,0.7309228039041704,0.8837387561798096,38.16330911371339,0.2442368101597504,0.0699186148151517
-0.0309209952113408,0.0,37.44374210814562,0.5552685950413223,0.8550828695297241,9.375572291917328,0.3901084160081751,0.089579880711844
0.753855651437019,0.0,50.12114587507988,0.7677606674262192,0.937008798122406,10.343603005129708,0.2085540909058308,0.081352387486947
-0.130649687452494,0.0,30.89810884196525,0.1650943396226415,0.8183671832084656,4.504556737153658,0.4196558354446715,0.0856724902538095
-0.404912173518471,0.1057536542267563,39.08157270004221,0.4467243718513688,0.8487014770507812,10.575365422675636,0.402522600883553,0.0656799660248005
-0.281807531073785,0.0,32.34391291911409,0.3564479334406871,0.7472031116485596,4.25063274893669,0.5171889575036093,0.0965145542862396
0.174519996060974,0.0,45.7229857934137,0.4020700636942675,0.8685360550880432,9.12912574866414,0.3389575603715133,0.0797685838857713
0.0609911744296976,0.2800690297856192,59.03095195354272,0.6678850574712643,0.8978110551834106,28.00690297856193,0.2801495956892284,0.0695167250475083
-0.0565655742883702,0.0,50.51483766743874,0.5639097744360902,0.8655561804771423,9.812163258584556,0.3510391107679193,0.0628237753002192
-0.626927332212135,0.1607862695557346,41.88462698046374,0.5667811679127096,0.8561688661575317,16.07862695557347,0.329922708366175,0.0833418987682287
-0.605847256175334,0.1408065856945701,41.487077285159934,0.4032841435185185,0.8328956961631775,14.080658569457004,0.4161937176750256,0.0745786601235882
-0.799379331329169,0.0,29.698627988782896,0.3005826271186441,0.8129463791847229,3.67870436142616,0.439318402113373,0.0768941289184571
-0.844466204723343,0.0,15.141440392611177,0.1271186440677965,0.7008767127990723,4.085507150363302,0.6664193803693066,0.0922873080387036
-0.177633935669103,0.0,57.6513866896661,0.6134217936498573,0.8340458273887634,8.983577738343543,0.3958547277566937,0.0833925553494119
-1.06723201439645,0.0,32.20318927006568,0.3787878787878788,0.7849122881889343,17.0653267718276,0.3788561603503995,0.0925648866062366
0.437201173181016,0.3189210007297359,61.0846884031028,0.6552706552706553,0.8945481181144714,31.892100072973594,0.2724171474254229,0.0926071280498836
0.0211935825722635,0.0,41.54375664639359,0.4995731402160794,0.8011194467544556,6.459012916858625,0.4174812440219447,0.0709169304765656
0.794958580866867,0.0,22.46280341999324,0.25,0.8912610411643982,15.97357760615681,0.2159633612522336,0.0989767887301507
0.461620171037618,0.0,49.53889193606591,0.5444684447783622,0.8318201899528503,8.668528067348738,0.3796746569744236,0.0843069526738072
-0.232127162242516,0.183547185138887,59.14012028000353,0.6131467738610594,0.8797236084938049,18.354718513888702,0.3241890374858823,0.0818218442682113
-0.599084689938508,0.0,33.12158199978126,0.4118337982675084,0.8479204177856445,14.563331524569785,0.3651705539046129,0.076791556545057
-0.32025718029712,0.0624289154261958,43.15657908560742,0.3227765726681127,0.841349720954895,6.2428915426195895,0.4053043746182685,0.0708229364155634
-0.468954561416531,0.0,46.703031546289495,0.4030183501972217,0.8485820889472961,7.391936432935814,0.3619835950938531,0.082073899855337
-0.747618160958348,0.0,35.33117691507476,0.2898550724637681,0.7916958332061768,8.170609724417774,0.3928402892323656,0.0926209960546226
0.0099776450795254,0.2596154456843296,59.10682651035176,0.6224412607449857,0.8751586079597473,25.961544568432963,0.3210353445829618,0.0792426243971423
-0.275226008172574,0.2433821845902226,45.475935236135726,0.6044703595724004,0.79988032579422,24.33821845902227,0.4294822711607716,0.0967026247081088
-0.293663998236593,0.0,54.55301212156246,0.440453686200378,0.8422549366950989,7.586229154968797,0.3474034755747324,0.0696965778930714
-0.205188976687265,0.0,48.38151058554146,0.2197802197802197,0.8418908715248108,2.996515740268937,0.340269633215452,0.0770607919211388
-0.0298548818854227,0.0,47.01409092725645,0.4056437389770723,0.7780628204345703,11.04479556707894,0.4803818255701805,0.0982086672032219
-0.624618455453934,0.0,28.329013602416747,0.3611650485436893,0.8334598541259766,7.347053125977879,0.4052911311584648,0.0896409350041896
-0.264605285309678,0.0,48.3673879411006,0.5025872908405068,0.8490208387374878,7.481424186273336,0.3391089295011367,0.0888439049147446
-0.561598225303133,0.0,27.648579121364804,0.2976190476190476,0.7857210040092468,4.789232204309912,0.4234419091293951,0.0893166785563238
0.0639669537003003,0.1224842734719214,49.03312397568251,0.4221183879646963,0.8157224655151367,12.248427347192145,0.4195897508862959,0.0871689975910931
0.686005724726581,0.2733853513461668,71.59751479527631,0.6880733944954129,0.899534285068512,27.3385351346167,0.2803984929817374,0.0645904338863111
0.695936746447567,0.5202556880807584,74.77454262056379,0.8990670059372351,0.9256202578544616,52.02556880807587,0.1786370874397876,0.0601530303786591
-0.345215191729296,0.0,33.90762534429875,0.3732869932469589,0.8172925710678101,6.07128396953431,0.4514606454840982,0.0810764681937071
-0.802974943551156,0.0,46.75160748981958,0.6844746162927982,0.8311552405357361,10.57107085715154,0.3822807190010202,0.079579582509603
-0.122024069123136,0.2593782855552031,47.62284179475122,0.6409201658070437,0.8516335487365723,25.93782855552031,0.3545592758938348,0.0808460259787753
-0.944635606990302,0.0,11.330877887434095,0.0520833333333333,0.6237760782241821,4.167251645138561,0.7739455580025797,0.1131552133555347
0.0032085982585011,0.2094841271665114,54.55380902789999,0.6756004176818656,0.922593355178833,20.94841271665113,0.2048626370411864,0.0766923940351147
-0.116284278827763,0.1845895819969781,37.39375091606151,0.46875,0.8341448903083801,18.45895819969781,0.387701448259532,0.0789466654882808
-0.235764141461406,0.3661510768657849,59.10350963331232,0.8070175438596492,0.8971022367477417,36.6151076865785,0.3195075768519726,0.0773037082822689
-0.35302696957407,0.0,40.52068285880821,0.2906976744186046,0.8787204623222351,6.787957387517878,0.3340517530834727,0.0780812508491665
0.0147600684190862,0.1068704336772636,46.4813911385593,0.4104951196310771,0.8158183097839355,10.687043367726362,0.4153288433722292,0.0863333160564788
0.0384624887730133,0.3009687072297843,58.49582127367425,0.5576208178438662,0.8701035976409912,30.096870722978444,0.3141564114338568,0.083599302937915
-0.133638230590122,0.2332392609953917,52.731440416521465,0.5211361737677527,0.8541566133499146,23.32392609953918,0.3393458048666324,0.0708723553313313
0.114198400264956,0.0,38.955320083023935,0.3306915584638755,0.8209212422370911,4.486471497267756,0.3960010011269274,0.0726212430188652
0.237258435306268,0.0,55.31585371897353,0.4389957597681049,0.8912323117256165,6.196506348433575,0.3013091416063795,0.0572402584772406
0.830226092072115,0.2732231510487644,50.21711298930228,0.6059809869583911,0.9161938428878784,27.322315104876445,0.2682282146759092,0.0878988666102333
1.03577142459439,0.0,67.23858743871715,0.7120253164556962,0.893816351890564,24.0785655451027,0.2190888449086943,0.0799159970350393
0.105695574451286,0.0,45.50271986553929,0.439314153125259,0.855829656124115,8.965757134795377,0.3471929872394095,0.0783342009794941
-0.0979583091380543,0.4301024643730063,58.7917121455755,0.6084075452859684,0.8871570229530334,43.01024643730063,0.3563542701485601,0.0909441973489604
0.167863030336737,0.0,30.639891619554323,0.4078014184397163,0.8317623734474182,5.113043483703116,0.371651882484353,0.0915202033890748
-0.171478529632758,0.0,44.95876781143402,0.348361280487805,0.8288451433181763,3.67483224173178,0.4324828344578371,0.0833842760299269
-0.366706498171691,0.0,43.36350869760599,0.4445422535211268,0.8316559791564941,8.968622051963912,0.4206208377983304,0.0825073748752752
0.0475415004596713,0.0,46.500827719396845,0.3073770491803279,0.8433523178100586,8.085298080223222,0.3961620790600534,0.0829476602445686
-0.189638961276418,0.1183706068629125,51.048144960323896,0.522990631163708,0.8687136769294739,11.837060686291252,0.3054443798822706,0.0803821408431123
0.132490979433236,0.0,31.56063720087414,0.3946993445426047,0.8558892607688904,5.431360807863856,0.331567252927879,0.0755647162070793
-0.428890349684466,0.0,42.07602746609916,0.2531645569620253,0.8122677206993103,6.770186228657864,0.3318639837200198,0.0841214847710776
-0.632235158187404,0.0,41.16417968521775,0.3092877193691055,0.7342241406440735,4.265552167438487,0.5876855913343655,0.1031232847765181
0.0514689789018504,0.0,41.40106674759362,0.4307116104868915,0.8405076861381531,10.988536550999948,0.3354797906029581,0.0699044729445417
-0.0484495092991486,0.0,37.88486669651554,0.2461565804674309,0.8117440342903137,3.066455401840426,0.4639263876313838,0.0726989176477884
-0.0520118289360507,0.0,37.7792370419261,0.4441550925925925,0.8246163129806519,6.917184228205472,0.4167933873705793,0.0853616628227741
-0.290057130332977,0.0,38.98069082553767,0.3493764492072445,0.7971740961074829,6.23623194789199,0.4052320625270764,0.0859544873785001
-0.285372078022348,0.0,16.732065922763425,0.2061855670103092,0.7869566082954407,6.050259138270144,0.3794106756609843,0.1085702231485987
-0.110879602694833,0.2727419106938191,62.120463409719086,0.5653625456442358,0.8421223759651184,27.27419106938192,0.3802341513709436,0.0724758783254672
-0.108737825154593,0.1283205561362332,53.56655113015377,0.5423170633751907,0.8234117031097412,12.832055613623329,0.4238828983924962,0.0785410178689022
-1.01765237225171,0.0,19.092280271230862,0.1360544217687074,0.7189419865608215,3.471023784089875,0.6059287772193311,0.097180562283764
-0.717650972238238,0.0,26.902260728006123,0.2564102564102564,0.7454800605773926,5.708765135015525,0.4367074393779639,0.0813729401247841
-0.588668930638617,0.0,38.23616218834247,0.4435011709601873,0.8070202469825745,6.881022232973228,0.4456066200314303,0.0825246013609641
-0.338237778661647,0.0,39.53021524412519,0.2986731150793651,0.8688826560974121,3.650433122190764,0.3023407928807928,0.0744213854452148
-0.478060037561075,0.0,32.48654935601527,0.2103353057199211,0.7768149971961975,3.5976067721285587,0.4859816892056947,0.0856610367191085
-0.751417282986203,0.0,32.529682942734624,0.3451139997508202,0.7703392505645752,10.413029177416922,0.5704646205375888,0.0945208083595185
-0.169831531117461,0.0757790529407934,27.878015344370404,0.3089441787598945,0.804987907409668,7.577905294079337,0.468154353471542,0.0821162362957173
1.40975572271383,0.488923022434901,77.95232042881827,0.8412698412698414,0.9733127355575562,48.892302243490086,0.0928365224108036,0.0689429996676687
0.030310278809575,0.0,43.71504336170051,0.4727170251530285,0.8552249670028687,5.848654807240712,0.3934083590058323,0.0785288774686784
-0.911438221779123,0.0,21.67375258866783,0.1219512195121951,0.7935651540756226,10.682175159905848,0.4197917072446494,0.0919495587367267
-1.03551450092842,0.0,30.33218106071479,0.1530612244897959,0.7149771451950073,4.300847718252331,0.7136478304889416,0.1081658642003103
0.019309235229261,0.2038479559974934,51.68262711189669,0.535194880744619,0.8592740297317505,20.384795599749346,0.3489499718761806,0.0663380137263373
-0.148086511805633,0.0,37.2894820450237,0.4928176795580111,0.8146535158157349,6.755622089826714,0.4456622944316718,0.0730592297217317
-0.772473391522934,0.0,34.24890973653768,0.196078431372549,0.7667704224586487,4.449945957170704,0.5133902593760536,0.0995707148317444
0.401778926318247,0.0,52.87003470874273,0.4977817213842058,0.8590354919433594,5.997679046248611,0.3039422879661939,0.0679482431964957
-0.0141323570774935,0.0,45.12327951486146,0.4051623030185451,0.8333677649497986,6.934724391109686,0.4004870109189858,0.0773030812903054
0.804638245147889,0.1905614125685684,48.41679945390583,0.5987527828374823,0.8861854672431946,19.05614125685684,0.2723714089575193,0.0776572201232604
-0.397799292388969,0.1810265283586355,49.424499469605706,0.4386896551724137,0.896613359451294,18.102652835863548,0.2702204306526174,0.0781632856504318
0.631372839234665,0.0,62.34239213248022,0.7602601480152501,0.9050398468971252,20.556680845025987,0.310674802966056,0.0781279508071588
-0.0533256648988109,0.4913661063630408,67.51749308296013,0.7924263910830559,0.909386396408081,49.13661063630407,0.2964909343789633,0.0763920503985102
0.129684205835062,0.0,40.5454309190247,0.4536489151873766,0.8528275489807129,12.09431425432932,0.2906258102687311,0.0711478621577513
0.393328357051485,0.0,49.39316845469559,0.6084656084656086,0.8253229856491089,7.940012688778231,0.346261945677399,0.0858102750162999
-0.531407034861859,0.0,32.67104720287263,0.4027499070977333,0.7887092232704163,8.700793466646614,0.5080482287961422,0.0941939016447868
0.243070164065745,0.0,76.03780618971108,0.7301587301587302,0.9537806510925292,29.071536848410968,0.1671084629687511,0.0660223957202252
-0.240647240869261,0.0,44.20556249383769,0.4398306866697751,0.8296529054641724,4.405174423621704,0.4039831789319965,0.0834319405900411
0.525709916301189,0.1683197251631345,51.46187894014345,0.5780606995884774,0.8452210426330566,16.831972516313456,0.4097242638096742,0.07566168538816
-0.49173328331792,0.0,16.448867769054146,0.1428571428571428,0.8209534883499146,6.567274736060395,0.4044443962509237,0.0803333414928021
0.524647435568208,0.0,61.66492200331093,0.5773420479302832,0.7945921421051025,30.21375397356768,0.3548385172353278,0.1007927628945839
0.675255828178717,0.2961398877779096,61.303063208120726,0.6560361216730038,0.9119831919670104,29.61398877779096,0.2676501823194316,0.0904148122367198
-0.351894182878631,0.0,38.9830840081853,0.3070048309178744,0.8206119537353516,6.969519918100839,0.3767208149244614,0.0704970848293865
0.240530410486848,0.0,38.355903699422726,0.3883823032759204,0.8588006496429443,7.592615487745065,0.3535308257304666,0.0737858147553351
0.442988665150585,0.0,70.37435410142095,0.78677398989899,0.9074112772941588,18.04438612975343,0.1728063819726871,0.0666894633341856
-1.5650318744797,0.0,22.885291091203584,0.1428571428571428,0.7459854483604431,6.567274736060395,0.5480471254080729,0.0873725568767457
0.892384345292153,0.2843329181530769,60.118140512525805,0.923683198769704,0.9124926924705504,28.43329181530769,0.1807142454190719,0.0648476404247343
0.396196012933571,0.2076603450361984,64.8065257122134,0.6010853815605881,0.8953337073326111,20.76603450361984,0.2845438107060755,0.0776611247033316
-0.0980123123468113,0.1737602939215227,47.1426181985071,0.543552601244909,0.8507450222969055,17.376029392152276,0.3635484814699664,0.0794973511275503
1.20987118855306,0.0,6.944444444444444,0.3333333333333333,0.930156946182251,0.0,0.1138714358855856,0.0806022076765366
-0.608862414330129,0.0,29.071756812173422,0.3476119216859958,0.7972133159637451,6.833557619127329,0.4157945847794007,0.0899452992084191
-0.397524231602577,0.0,41.59100085859262,0.4355747558226897,0.869979202747345,9.84934946888872,0.3557397930578323,0.0690351714931453
-0.297485691398561,0.0,27.76553935753284,0.315625,0.8058328628540039,5.522397783539471,0.3859445628502699,0.0915146576091443
-0.163670055805425,0.0,40.48273640444489,0.2848101265822785,0.8544379472732544,4.004295488829884,0.3641597862976124,0.0984662367538666
0.353235895120598,0.138369033843151,49.910518231848464,0.4121883656509694,0.8797318935394287,13.836903384315104,0.3263245904943826,0.0736865227900438
-0.0428917733451735,0.0,32.227062494721444,0.5437352245862884,0.8535689115524292,6.608973813188645,0.3243354385183851,0.0640378216319025
0.073935755543871,0.0,41.88537075323955,0.4308880308880308,0.8790270686149597,9.956420673405146,0.2869217610494427,0.0704298158761211
-0.0165211473407482,0.0,55.34031524423544,0.5062008750721885,0.8557649254798889,8.35174513083839,0.3400891119356142,0.0739390103467402
-0.48595568295117,0.0,37.09226672514913,0.355324074074074,0.8109412789344788,8.139165682360764,0.4077889380329122,0.0820794854505712
-0.403732199228561,0.0,49.45882175354194,0.3872699386503067,0.825120747089386,10.65728448555558,0.4062559982143861,0.0801214736659911
-0.317671853821032,0.0958129522366782,37.56593880537249,0.379105284497905,0.8809798359870911,9.58129522366782,0.3121460726310082,0.0825492863014461
-0.52096082059489,0.2719559268766979,75.26340287294124,0.7398275988019579,0.8735681176185608,27.195592687669805,0.3563907114907236,0.088885947887396
-0.297794568196521,0.0,28.13422351671573,0.198170731707317,0.8047880530357361,3.519606179072768,0.4410461889338779,0.0883694732772642
0.240411362102222,0.0,39.74086345804852,0.5419461456206863,0.8641728162765503,3.168429634207702,0.3581725126254286,0.0741878005222959
-0.7052157828182,0.1324317283199537,38.952588980559725,0.3701492537313433,0.7794392704963684,13.24317283199537,0.5030377633660585,0.1035039843559675
-0.346582902529953,0.0,29.18044781845425,0.2687553894797355,0.7745886445045471,5.158412679190476,0.4256633471666785,0.0649317800482113
0.440249365568801,0.2290027583939627,59.89132699006585,0.5453547507354014,0.8724992275238037,22.90027583939628,0.3074112329722979,0.0795556625382193
-0.145072016026191,0.097841682136723,43.9882303127803,0.3960268317853457,0.831864058971405,9.784168213672302,0.3525528317421292,0.075856634899366
-0.573513751089433,0.0813750128440084,34.42019534534272,0.4084692898272553,0.8459187150001526,8.137501284400843,0.3830606580178313,0.0824680839231987
-0.446314989093939,0.0,42.09532845737292,0.6168582375478929,0.8996410369873047,10.745586208587572,0.2804821427730057,0.0760434469936
0.514423064479028,0.2056239500286621,57.01223783135391,0.6874189364461739,0.9243927001953124,20.56239500286621,0.2532920539973054,0.0783149850275274
0.0051596753526796,0.2123675024113051,53.91643824310709,0.5615094339622642,0.8588674068450928,21.23675024113052,0.3251090911752451,0.0899764566745159
-0.494694146071793,0.0,46.74569358652808,0.5114197530864197,0.8405638933181763,9.348998462584431,0.3929523871850981,0.0857971799612616
0.522107568906341,0.3155984539112945,59.56243809379186,0.4121863799283153,0.8551308512687683,31.55984539112946,0.3096793975061161,0.1078947242819621
-0.100319312290111,0.0,36.08416303508643,0.4242675511332227,0.8293907046318054,7.077187862619301,0.4448432479135261,0.0902669916102917
1.19608957194644,0.6434588841607617,79.74550480946266,0.8412698412698414,0.97675222158432,64.34588841607616,0.0904511613411448,0.036091809514674
-0.582308590384873,0.27141444416476,49.94185210152453,0.5643913342503439,0.839867889881134,27.141444416476,0.3480316838584861,0.0835308127839379
0.218339377614559,0.0,42.028324759425445,0.5717962860820004,0.8614888787269592,14.991106946711684,0.3095917676113713,0.0816645992950572
-0.0595009625432968,0.0,21.21807116639127,0.4769230769230769,0.8679274320602417,7.654112967106117,0.3062941366181067,0.0820703871602864
-0.0952656482372048,0.0,61.69719133910547,0.5215419501133786,0.886583685874939,27.534765745159184,0.195206532479394,0.1033574495370588
-0.482939450808783,0.0,40.45031036495018,0.3604675526819924,0.8425595164299011,3.158092042483703,0.4357980930654315,0.0745961637118044
-0.423289348298823,0.1089327294740153,29.15808753236325,0.2389097744360901,0.7790094017982483,10.893272947401533,0.468291855282416,0.0827856702618469
0.418591283351416,0.1373825537681926,39.79678032958059,0.4408170391061452,0.878559410572052,13.738255376819255,0.3059162064702717,0.0658977735085619
1.0471662132967,0.0,75.01002003115008,0.8489724561153131,0.90387225151062,18.002829271425153,0.2379684937576741,0.0629602830228461
-0.308175062164587,0.1190718232258031,51.59842117164999,0.5733618233618233,0.840264618396759,11.907182322580317,0.3987969005831726,0.0848750255965934
-0.568921291106142,0.0,48.87721857659606,0.6050290486564996,0.8780421614646912,19.487233918553624,0.297938201021795,0.0842402762737473
0.254711661298649,0.0,40.67873247974581,0.3910634118967451,0.8270756602287292,8.170418210184781,0.387524061181017,0.0729165454451237
-0.758331785568368,0.0,36.31589346385722,0.2835452362763287,0.7267299294471741,5.478451906900008,0.6078648167144134,0.0976744994075326
-0.797875696001449,0.0,39.08556681780889,0.2054794520547945,0.7786795496940613,5.522397783539471,0.5231950077923082,0.1041576356426532
0.324180087364702,0.0,50.16219864603322,0.618131868131868,0.8841478228569031,11.868405219520977,0.2670653709452746,0.0808339702952483
-0.576642102506153,0.0,41.50011190113781,0.3717766176237937,0.8518652319908142,8.523278832198827,0.3131507486012435,0.0708774188567546
0.14918571121003,0.0,31.41560475871137,0.3577806122448979,0.8453270196914673,11.251329738544614,0.3687972931767547,0.0878262828160506
0.423487340911587,0.2328789695413994,49.667750456279066,0.547239263803681,0.8672173619270325,23.287896954139946,0.3067395229707211,0.0752387627306552
0.104330669908301,0.4706404189418936,77.23240855219498,0.68423833819242,0.9478996992111206,47.06404189418935,0.1684646441417087,0.0629347371643526
0.168509639646407,0.0,31.18527563636099,0.2816901408450704,0.8662360310554504,8.643019616048525,0.3117446198427626,0.0925521619915916
0.336490974988632,0.2554053269901393,67.54136251242087,0.8007096069868997,0.9278973937034608,25.540532699013927,0.2123479454255208,0.0781670880371577
-0.164139653226993,0.0,40.43807334926518,0.4746700723712218,0.856960654258728,9.313775329024091,0.3588374326195461,0.090215622820852
-0.285106673449813,0.0,64.57783149628582,0.5471498944405349,0.8839241862297058,17.05386274756895,0.2736424850490085,0.0613078259510705
-0.226256372046539,0.0,47.66401797821228,0.6160910087719298,0.8367422819137573,13.834368456410946,0.3922481695140326,0.0785197517304327
0.595993723925268,0.0,54.51049573263212,0.5161993769470404,0.8788843750953674,8.339436108080946,0.2738826902869796,0.0887761935889253
-0.391286885823935,0.1404678994830558,37.50523717876776,0.4046768707482993,0.739881694316864,14.04678994830558,0.501115299750756,0.0879755105977206
-0.096929108231477,0.0,61.13646769544735,0.5873684210526315,0.8906279802322388,9.438595268231117,0.3367537407724358,0.0687911811750621
-0.0631778041223732,0.0,41.84808744138065,0.4356060606060607,0.8638537526130676,11.234398996017456,0.352891145769088,0.0803253125996517
0.917161199217251,0.3718800424646649,50.52546847255685,0.5964109781843773,0.8646870851516724,37.1880042464665,0.3454167144664463,0.0656372957282777
-0.418518468570867,0.0,36.4256915073174,0.376590909090909,0.8102648258209229,6.987283777978614,0.4937668194045893,0.0840729116317166
-0.398232787906472,0.0,32.60714342956656,0.3735411301997258,0.8458563685417175,4.747573105125849,0.3794378717041753,0.082342566642236
-0.515825735792613,0.0,30.16301244751036,0.3,0.849606990814209,14.058533129758729,0.3072600703633453,0.0815248513858788
0.743570038185493,0.0,48.07151275719465,0.5555555555555556,0.9132530689239502,16.21599014882373,0.2203201476714429,0.0854519005378253
-0.583623263571906,0.2598354991641585,53.23836076092498,0.5521576556181793,0.8927527666091919,25.983549916415853,0.2187847472506769,0.0858365443742841
-0.273381605983414,0.1442437501745291,46.31908806117277,0.4676242713877123,0.829820990562439,14.424375017452912,0.3866385945602257,0.0789648984535679
-0.123877242253617,0.2073607464953792,43.72356637427862,0.5138956409009885,0.8554037809371948,20.73607464953792,0.3882684255405098,0.0794437244219768
-0.626733122159496,0.0,36.495819603969096,0.2,0.7989005446434021,5.751391809950023,0.4368411438949144,0.100812596733199
0.548509185927888,0.4347208719449915,74.08604833193336,0.9653916211293262,0.9480533003807068,43.47208719449914,0.2018460282818835,0.0564567911311139
0.210954294629114,0.1606953762125081,54.98905172485846,0.5522499817371613,0.8799103498458862,16.069537621250813,0.2979824691491731,0.0615955371607771
